InitialStage, RootNode, P_ESS_Output_ini, 0, -0.47306953354384984
InitialStage, RootNode, P_ESS_Output_ini, 1, -0.23347331379785702
InitialStage, RootNode, P_EV_ChargeAway_ini, 0, 4.591775051415575e-41
InitialStage, RootNode, P_EV_ChargeAway_ini, 1, 0.0
InitialStage, RootNode, P_EV_ChargeHome_ini, 0, 0.46089734540035276
InitialStage, RootNode, P_EV_ChargeHome_ini, 1, 0.5096782038504645
InitialStage, RootNode, P_Grid_Output_ini, 0, 0.9909668789442025
InitialStage, RootNode, P_Grid_Output_ini, 1, 0.8337515176483216
InitialStage, RootNode, P_PV_Output_ini, 0, 0.0
InitialStage, RootNode, P_PV_Output_ini, 1, 5.1716554436249264e-49
FutureStage, EarlyLeaveLongCommuteNode, P_ESS_Output_rec, 10, -0.9534529921300812
FutureStage, EarlyLeaveLongCommuteNode, P_ESS_Output_rec, 11, 0.6469804373093709
FutureStage, EarlyLeaveLongCommuteNode, P_ESS_Output_rec, 12, -0.77920780724065
FutureStage, EarlyLeaveLongCommuteNode, P_ESS_Output_rec, 13, -0.8295377246676298
FutureStage, EarlyLeaveLongCommuteNode, P_ESS_Output_rec, 14, -0.5524268601993425
FutureStage, EarlyLeaveLongCommuteNode, P_ESS_Output_rec, 15, -0.51032436115661
FutureStage, EarlyLeaveLongCommuteNode, P_ESS_Output_rec, 16, -0.9169408430565033
FutureStage, EarlyLeaveLongCommuteNode, P_ESS_Output_rec, 17, -0.9814697170142745
FutureStage, EarlyLeaveLongCommuteNode, P_ESS_Output_rec, 18, -0.7324969057909558
FutureStage, EarlyLeaveLongCommuteNode, P_ESS_Output_rec, 19, 0.47474999877483776
FutureStage, EarlyLeaveLongCommuteNode, P_ESS_Output_rec, 2, -0.25647930448498124
FutureStage, EarlyLeaveLongCommuteNode, P_ESS_Output_rec, 20, 0.48254999915557073
FutureStage, EarlyLeaveLongCommuteNode, P_ESS_Output_rec, 21, 2.1791488919455824
FutureStage, EarlyLeaveLongCommuteNode, P_ESS_Output_rec, 22, 2.0922711803201115
FutureStage, EarlyLeaveLongCommuteNode, P_ESS_Output_rec, 23, 1.024847189453827
FutureStage, EarlyLeaveLongCommuteNode, P_ESS_Output_rec, 3, 0.19672956362205868
FutureStage, EarlyLeaveLongCommuteNode, P_ESS_Output_rec, 4, 0.6892942818926285
FutureStage, EarlyLeaveLongCommuteNode, P_ESS_Output_rec, 5, 1.430820097180256
FutureStage, EarlyLeaveLongCommuteNode, P_ESS_Output_rec, 6, 0.014016087893402758
FutureStage, EarlyLeaveLongCommuteNode, P_ESS_Output_rec, 7, 0.07216221632925178
FutureStage, EarlyLeaveLongCommuteNode, P_ESS_Output_rec, 8, -0.5103103424086733
FutureStage, EarlyLeaveLongCommuteNode, P_ESS_Output_rec, 9, -0.5892915144965971
FutureStage, EarlyLeaveLongCommuteNode, P_EV_ChargeAway_rec, 10, 1.0958655903923171
FutureStage, EarlyLeaveLongCommuteNode, P_EV_ChargeAway_rec, 11, 1.0647615740361631
FutureStage, EarlyLeaveLongCommuteNode, P_EV_ChargeAway_rec, 12, 1.0448484534404996
FutureStage, EarlyLeaveLongCommuteNode, P_EV_ChargeAway_rec, 13, 1.0338685308102693
FutureStage, EarlyLeaveLongCommuteNode, P_EV_ChargeAway_rec, 14, 1.030716482586691
FutureStage, EarlyLeaveLongCommuteNode, P_EV_ChargeAway_rec, 15, 1.0350921741874815
FutureStage, EarlyLeaveLongCommuteNode, P_EV_ChargeAway_rec, 16, 1.047414280316155
FutureStage, EarlyLeaveLongCommuteNode, P_EV_ChargeAway_rec, 17, 1.0689417138032058
FutureStage, EarlyLeaveLongCommuteNode, P_EV_ChargeAway_rec, 18, 0.0
FutureStage, EarlyLeaveLongCommuteNode, P_EV_ChargeAway_rec, 19, 0.0
FutureStage, EarlyLeaveLongCommuteNode, P_EV_ChargeAway_rec, 2, 0.0
FutureStage, EarlyLeaveLongCommuteNode, P_EV_ChargeAway_rec, 20, 0.0
FutureStage, EarlyLeaveLongCommuteNode, P_EV_ChargeAway_rec, 21, 0.0
FutureStage, EarlyLeaveLongCommuteNode, P_EV_ChargeAway_rec, 22, 0.0
FutureStage, EarlyLeaveLongCommuteNode, P_EV_ChargeAway_rec, 23, 0.0
FutureStage, EarlyLeaveLongCommuteNode, P_EV_ChargeAway_rec, 3, 0.0
FutureStage, EarlyLeaveLongCommuteNode, P_EV_ChargeAway_rec, 4, 0.0
FutureStage, EarlyLeaveLongCommuteNode, P_EV_ChargeAway_rec, 5, 0.0
FutureStage, EarlyLeaveLongCommuteNode, P_EV_ChargeAway_rec, 6, 0.0
FutureStage, EarlyLeaveLongCommuteNode, P_EV_ChargeAway_rec, 7, 0.0
FutureStage, EarlyLeaveLongCommuteNode, P_EV_ChargeAway_rec, 8, 0.0
FutureStage, EarlyLeaveLongCommuteNode, P_EV_ChargeAway_rec, 9, 1.1424197470541555
FutureStage, EarlyLeaveLongCommuteNode, P_EV_ChargeHome_rec, 10, 0.0
FutureStage, EarlyLeaveLongCommuteNode, P_EV_ChargeHome_rec, 11, 0.0
FutureStage, EarlyLeaveLongCommuteNode, P_EV_ChargeHome_rec, 12, 0.0
FutureStage, EarlyLeaveLongCommuteNode, P_EV_ChargeHome_rec, 13, 0.0
FutureStage, EarlyLeaveLongCommuteNode, P_EV_ChargeHome_rec, 14, 0.0
FutureStage, EarlyLeaveLongCommuteNode, P_EV_ChargeHome_rec, 15, 0.0
FutureStage, EarlyLeaveLongCommuteNode, P_EV_ChargeHome_rec, 16, 0.0
FutureStage, EarlyLeaveLongCommuteNode, P_EV_ChargeHome_rec, 17, 0.0
FutureStage, EarlyLeaveLongCommuteNode, P_EV_ChargeHome_rec, 18, 0.0
FutureStage, EarlyLeaveLongCommuteNode, P_EV_ChargeHome_rec, 19, 0.0
FutureStage, EarlyLeaveLongCommuteNode, P_EV_ChargeHome_rec, 2, 1.1388187285342422
FutureStage, EarlyLeaveLongCommuteNode, P_EV_ChargeHome_rec, 20, 0.0
FutureStage, EarlyLeaveLongCommuteNode, P_EV_ChargeHome_rec, 21, 1.127282226589688
FutureStage, EarlyLeaveLongCommuteNode, P_EV_ChargeHome_rec, 22, 0.7959545150166909
FutureStage, EarlyLeaveLongCommuteNode, P_EV_ChargeHome_rec, 23, 0.8241138569730159
FutureStage, EarlyLeaveLongCommuteNode, P_EV_ChargeHome_rec, 3, 1.2948376144051035
FutureStage, EarlyLeaveLongCommuteNode, P_EV_ChargeHome_rec, 4, 1.5354693244803903
FutureStage, EarlyLeaveLongCommuteNode, P_EV_ChargeHome_rec, 5, 1.9963699378515491
FutureStage, EarlyLeaveLongCommuteNode, P_EV_ChargeHome_rec, 6, 0.0
FutureStage, EarlyLeaveLongCommuteNode, P_EV_ChargeHome_rec, 7, 0.0
FutureStage, EarlyLeaveLongCommuteNode, P_EV_ChargeHome_rec, 8, 0.0
FutureStage, EarlyLeaveLongCommuteNode, P_EV_ChargeHome_rec, 9, 0.0
FutureStage, EarlyLeaveLongCommuteNode, P_Grid_Output_rec, 10, -3.820559540083344e-10
FutureStage, EarlyLeaveLongCommuteNode, P_Grid_Output_rec, 11, -5.990096628209565e-10
FutureStage, EarlyLeaveLongCommuteNode, P_Grid_Output_rec, 12, -9.203675150446697e-10
FutureStage, EarlyLeaveLongCommuteNode, P_Grid_Output_rec, 13, -7.878454839243531e-10
FutureStage, EarlyLeaveLongCommuteNode, P_Grid_Output_rec, 14, -7.913531117223509e-10
FutureStage, EarlyLeaveLongCommuteNode, P_Grid_Output_rec, 15, -8.01516745574397e-10
FutureStage, EarlyLeaveLongCommuteNode, P_Grid_Output_rec, 16, -7.915219654057976e-10
FutureStage, EarlyLeaveLongCommuteNode, P_Grid_Output_rec, 17, -1.0013886329662148e-09
FutureStage, EarlyLeaveLongCommuteNode, P_Grid_Output_rec, 18, -7.069699041729614e-10
FutureStage, EarlyLeaveLongCommuteNode, P_Grid_Output_rec, 19, 1.2251620698520433e-09
FutureStage, EarlyLeaveLongCommuteNode, P_Grid_Output_rec, 2, 1.4858980330279792
FutureStage, EarlyLeaveLongCommuteNode, P_Grid_Output_rec, 20, 8.23364892663632e-10
FutureStage, EarlyLeaveLongCommuteNode, P_Grid_Output_rec, 21, 1.6528619865453623e-09
FutureStage, EarlyLeaveLongCommuteNode, P_Grid_Output_rec, 22, 1.7053357182491033e-09
FutureStage, EarlyLeaveLongCommuteNode, P_Grid_Output_rec, 23, 5.279445718864971e-10
FutureStage, EarlyLeaveLongCommuteNode, P_Grid_Output_rec, 3, 1.1681747177918005
FutureStage, EarlyLeaveLongCommuteNode, P_Grid_Output_rec, 4, 0.9237083755965178
FutureStage, EarlyLeaveLongCommuteNode, P_Grid_Output_rec, 5, 0.6561498406800489
FutureStage, EarlyLeaveLongCommuteNode, P_Grid_Output_rec, 6, 0.07658391210659714
FutureStage, EarlyLeaveLongCommuteNode, P_Grid_Output_rec, 7, 0.0371877836707481
FutureStage, EarlyLeaveLongCommuteNode, P_Grid_Output_rec, 8, 4.0072560951736494e-10
FutureStage, EarlyLeaveLongCommuteNode, P_Grid_Output_rec, 9, 5.657447178251096e-07
FutureStage, EarlyLeaveLongCommuteNode, P_PV_Output_rec, 10, 1.941636325503382
FutureStage, EarlyLeaveLongCommuteNode, P_PV_Output_rec, 11, 1.7943195632808828
FutureStage, EarlyLeaveLongCommuteNode, P_PV_Output_rec, 12, 1.200807808152262
FutureStage, EarlyLeaveLongCommuteNode, P_PV_Output_rec, 13, 1.04678772544672
FutureStage, EarlyLeaveLongCommuteNode, P_PV_Output_rec, 14, 1.0060268609819403
FutureStage, EarlyLeaveLongCommuteNode, P_PV_Output_rec, 15, 1.0002243619493714
FutureStage, EarlyLeaveLongCommuteNode, P_PV_Output_rec, 16, 1.0094075108392702
FutureStage, EarlyLeaveLongCommuteNode, P_PV_Output_rec, 17, 1.0702030510069078
FutureStage, EarlyLeaveLongCommuteNode, P_PV_Output_rec, 18, 0.8230969064891699
FutureStage, EarlyLeaveLongCommuteNode, P_PV_Output_rec, 19, 0.0
FutureStage, EarlyLeaveLongCommuteNode, P_PV_Output_rec, 2, 0.0
FutureStage, EarlyLeaveLongCommuteNode, P_PV_Output_rec, 20, 0.0
FutureStage, EarlyLeaveLongCommuteNode, P_PV_Output_rec, 21, 0.0
FutureStage, EarlyLeaveLongCommuteNode, P_PV_Output_rec, 22, 0.0
FutureStage, EarlyLeaveLongCommuteNode, P_PV_Output_rec, 23, 0.0
FutureStage, EarlyLeaveLongCommuteNode, P_PV_Output_rec, 3, 0.0
FutureStage, EarlyLeaveLongCommuteNode, P_PV_Output_rec, 4, 0.0
FutureStage, EarlyLeaveLongCommuteNode, P_PV_Output_rec, 5, 0.0
FutureStage, EarlyLeaveLongCommuteNode, P_PV_Output_rec, 6, 0.0
FutureStage, EarlyLeaveLongCommuteNode, P_PV_Output_rec, 7, 0.0
FutureStage, EarlyLeaveLongCommuteNode, P_PV_Output_rec, 8, 0.8916603419991923
FutureStage, EarlyLeaveLongCommuteNode, P_PV_Output_rec, 9, 2.0630076157431234
FutureStage, EarlyLeaveMedCommuteNode, P_ESS_Output_rec, 10, -0.9897424221726395
FutureStage, EarlyLeaveMedCommuteNode, P_ESS_Output_rec, 11, 0.5918988646490774
FutureStage, EarlyLeaveMedCommuteNode, P_ESS_Output_rec, 12, -0.8438495517185695
FutureStage, EarlyLeaveMedCommuteNode, P_ESS_Output_rec, 13, -0.902252501978407
FutureStage, EarlyLeaveMedCommuteNode, P_ESS_Output_rec, 14, -0.6415447669302264
FutureStage, EarlyLeaveMedCommuteNode, P_ESS_Output_rec, 15, -0.627671091457215
FutureStage, EarlyLeaveMedCommuteNode, P_ESS_Output_rec, 16, -1.0831129630599412
FutureStage, EarlyLeaveMedCommuteNode, P_ESS_Output_rec, 17, -1.3017148439211852
FutureStage, EarlyLeaveMedCommuteNode, P_ESS_Output_rec, 18, 0.40029807420284036
FutureStage, EarlyLeaveMedCommuteNode, P_ESS_Output_rec, 19, 1.1474835936394687
FutureStage, EarlyLeaveMedCommuteNode, P_ESS_Output_rec, 2, 0.2645541149496015
FutureStage, EarlyLeaveMedCommuteNode, P_ESS_Output_rec, 20, 1.0227833432144524
FutureStage, EarlyLeaveMedCommuteNode, P_ESS_Output_rec, 21, 1.5334699286580573
FutureStage, EarlyLeaveMedCommuteNode, P_ESS_Output_rec, 22, 1.7622139297510948
FutureStage, EarlyLeaveMedCommuteNode, P_ESS_Output_rec, 23, 0.7455934856914126
FutureStage, EarlyLeaveMedCommuteNode, P_ESS_Output_rec, 3, 0.3522141893871431
FutureStage, EarlyLeaveMedCommuteNode, P_ESS_Output_rec, 4, 0.5228884650910813
FutureStage, EarlyLeaveMedCommuteNode, P_ESS_Output_rec, 5, 0.9126951571860132
FutureStage, EarlyLeaveMedCommuteNode, P_ESS_Output_rec, 6, 0.020403252389364215
FutureStage, EarlyLeaveMedCommuteNode, P_ESS_Output_rec, 7, 0.07378776183260038
FutureStage, EarlyLeaveMedCommuteNode, P_ESS_Output_rec, 8, -0.5105497440788401
FutureStage, EarlyLeaveMedCommuteNode, P_ESS_Output_rec, 9, -0.599098242619306
FutureStage, EarlyLeaveMedCommuteNode, P_EV_ChargeAway_rec, 10, 0.32510407298935823
FutureStage, EarlyLeaveMedCommuteNode, P_EV_ChargeAway_rec, 11, 0.3226129589121158
FutureStage, EarlyLeaveMedCommuteNode, P_EV_ChargeAway_rec, 12, 0.3204670841783104
FutureStage, EarlyLeaveMedCommuteNode, P_EV_ChargeAway_rec, 13, 0.31863992810177877
FutureStage, EarlyLeaveMedCommuteNode, P_EV_ChargeAway_rec, 14, 0.3171100212088025
FutureStage, EarlyLeaveMedCommuteNode, P_EV_ChargeAway_rec, 15, 0.31586014612890306
FutureStage, EarlyLeaveMedCommuteNode, P_EV_ChargeAway_rec, 16, 0.0
FutureStage, EarlyLeaveMedCommuteNode, P_EV_ChargeAway_rec, 17, 0.0
FutureStage, EarlyLeaveMedCommuteNode, P_EV_ChargeAway_rec, 18, 0.0
FutureStage, EarlyLeaveMedCommuteNode, P_EV_ChargeAway_rec, 19, 0.0
FutureStage, EarlyLeaveMedCommuteNode, P_EV_ChargeAway_rec, 2, 0.0
FutureStage, EarlyLeaveMedCommuteNode, P_EV_ChargeAway_rec, 20, 0.0
FutureStage, EarlyLeaveMedCommuteNode, P_EV_ChargeAway_rec, 21, 0.0
FutureStage, EarlyLeaveMedCommuteNode, P_EV_ChargeAway_rec, 22, 0.0
FutureStage, EarlyLeaveMedCommuteNode, P_EV_ChargeAway_rec, 23, 0.0
FutureStage, EarlyLeaveMedCommuteNode, P_EV_ChargeAway_rec, 3, 0.0
FutureStage, EarlyLeaveMedCommuteNode, P_EV_ChargeAway_rec, 4, 0.0
FutureStage, EarlyLeaveMedCommuteNode, P_EV_ChargeAway_rec, 5, 0.0
FutureStage, EarlyLeaveMedCommuteNode, P_EV_ChargeAway_rec, 6, 0.0
FutureStage, EarlyLeaveMedCommuteNode, P_EV_ChargeAway_rec, 7, 0.0
FutureStage, EarlyLeaveMedCommuteNode, P_EV_ChargeAway_rec, 8, 0.3312600653066221
FutureStage, EarlyLeaveMedCommuteNode, P_EV_ChargeAway_rec, 9, 0.3279730572411798
FutureStage, EarlyLeaveMedCommuteNode, P_EV_ChargeHome_rec, 10, 0.0
FutureStage, EarlyLeaveMedCommuteNode, P_EV_ChargeHome_rec, 11, 0.0
FutureStage, EarlyLeaveMedCommuteNode, P_EV_ChargeHome_rec, 12, 0.0
FutureStage, EarlyLeaveMedCommuteNode, P_EV_ChargeHome_rec, 13, 0.0
FutureStage, EarlyLeaveMedCommuteNode, P_EV_ChargeHome_rec, 14, 0.0
FutureStage, EarlyLeaveMedCommuteNode, P_EV_ChargeHome_rec, 15, 0.0
FutureStage, EarlyLeaveMedCommuteNode, P_EV_ChargeHome_rec, 16, 0.0
FutureStage, EarlyLeaveMedCommuteNode, P_EV_ChargeHome_rec, 17, 0.0
FutureStage, EarlyLeaveMedCommuteNode, P_EV_ChargeHome_rec, 18, 1.5200759964876127
FutureStage, EarlyLeaveMedCommuteNode, P_EV_ChargeHome_rec, 19, 0.6727335948263832
FutureStage, EarlyLeaveMedCommuteNode, P_EV_ChargeHome_rec, 2, 0.5479609078452436
FutureStage, EarlyLeaveMedCommuteNode, P_EV_ChargeHome_rec, 20, 0.5402333501816744
FutureStage, EarlyLeaveMedCommuteNode, P_EV_ChargeHome_rec, 21, 0.4816032815692026
FutureStage, EarlyLeaveMedCommuteNode, P_EV_ChargeHome_rec, 22, 0.4658972803142468
FutureStage, EarlyLeaveMedCommuteNode, P_EV_ChargeHome_rec, 23, 0.5448601520044037
FutureStage, EarlyLeaveMedCommuteNode, P_EV_ChargeHome_rec, 3, 0.6142573001331468
FutureStage, EarlyLeaveMedCommuteNode, P_EV_ChargeHome_rec, 4, 0.7328742401696312
FutureStage, EarlyLeaveMedCommuteNode, P_EV_ChargeHome_rec, 5, 1.0553045710269875
FutureStage, EarlyLeaveMedCommuteNode, P_EV_ChargeHome_rec, 6, 0.0
FutureStage, EarlyLeaveMedCommuteNode, P_EV_ChargeHome_rec, 7, 0.0
FutureStage, EarlyLeaveMedCommuteNode, P_EV_ChargeHome_rec, 8, 0.0
FutureStage, EarlyLeaveMedCommuteNode, P_EV_ChargeHome_rec, 9, 0.0
FutureStage, EarlyLeaveMedCommuteNode, P_Grid_Output_rec, 10, -1.260913369528076e-08
FutureStage, EarlyLeaveMedCommuteNode, P_Grid_Output_rec, 11, -1.31015197882353e-08
FutureStage, EarlyLeaveMedCommuteNode, P_Grid_Output_rec, 12, -2.9264684359703886e-09
FutureStage, EarlyLeaveMedCommuteNode, P_Grid_Output_rec, 13, -6.163556180390708e-09
FutureStage, EarlyLeaveMedCommuteNode, P_Grid_Output_rec, 14, -6.6641641703546934e-09
FutureStage, EarlyLeaveMedCommuteNode, P_Grid_Output_rec, 15, -7.304316613022748e-09
FutureStage, EarlyLeaveMedCommuteNode, P_Grid_Output_rec, 16, -8.830601950821226e-09
FutureStage, EarlyLeaveMedCommuteNode, P_Grid_Output_rec, 17, -2.695751474895847e-09
FutureStage, EarlyLeaveMedCommuteNode, P_Grid_Output_rec, 18, 3.960464938182523e-09
FutureStage, EarlyLeaveMedCommuteNode, P_Grid_Output_rec, 19, 1.1186263812430026e-08
FutureStage, EarlyLeaveMedCommuteNode, P_Grid_Output_rec, 2, 0.37400680289499155
FutureStage, EarlyLeaveMedCommuteNode, P_Grid_Output_rec, 20, 1.696657120408164e-08
FutureStage, EarlyLeaveMedCommuteNode, P_Grid_Output_rec, 21, 2.9910494944350726e-08
FutureStage, EarlyLeaveMedCommuteNode, P_Grid_Output_rec, 22, 2.7562501068799755e-08
FutureStage, EarlyLeaveMedCommuteNode, P_Grid_Output_rec, 23, 9.312340420833181e-09
FutureStage, EarlyLeaveMedCommuteNode, P_Grid_Output_rec, 3, 0.33210978774535305
FutureStage, EarlyLeaveMedCommuteNode, P_Grid_Output_rec, 4, 0.28751911807789915
FutureStage, EarlyLeaveMedCommuteNode, P_Grid_Output_rec, 5, 0.2332094238403236
FutureStage, EarlyLeaveMedCommuteNode, P_Grid_Output_rec, 6, 0.0701967476106357
FutureStage, EarlyLeaveMedCommuteNode, P_Grid_Output_rec, 7, 0.03556223816739945
FutureStage, EarlyLeaveMedCommuteNode, P_Grid_Output_rec, 8, 4.280652372377252e-09
FutureStage, EarlyLeaveMedCommuteNode, P_Grid_Output_rec, 9, 4.319945014753313e-08
FutureStage, EarlyLeaveMedCommuteNode, P_PV_Output_rec, 10, 1.977925757782424
FutureStage, EarlyLeaveMedCommuteNode, P_PV_Output_rec, 11, 1.849401138453093
FutureStage, EarlyLeaveMedCommuteNode, P_PV_Output_rec, 12, 1.2654495446456888
FutureStage, EarlyLeaveMedCommuteNode, P_PV_Output_rec, 13, 1.1195024981426143
FutureStage, EarlyLeaveMedCommuteNode, P_PV_Output_rec, 14, 1.0951447635950415
FutureStage, EarlyLeaveMedCommuteNode, P_PV_Output_rec, 15, 1.1175710887621824
FutureStage, EarlyLeaveMedCommuteNode, P_PV_Output_rec, 16, 1.175579628891194
FutureStage, EarlyLeaveMedCommuteNode, P_PV_Output_rec, 17, 1.3904481696175874
FutureStage, EarlyLeaveMedCommuteNode, P_PV_Output_rec, 18, 1.2103779183243075
FutureStage, EarlyLeaveMedCommuteNode, P_PV_Output_rec, 19, 0.0
FutureStage, EarlyLeaveMedCommuteNode, P_PV_Output_rec, 2, 0.0
FutureStage, EarlyLeaveMedCommuteNode, P_PV_Output_rec, 20, 0.0
FutureStage, EarlyLeaveMedCommuteNode, P_PV_Output_rec, 21, 0.0
FutureStage, EarlyLeaveMedCommuteNode, P_PV_Output_rec, 22, 0.0
FutureStage, EarlyLeaveMedCommuteNode, P_PV_Output_rec, 23, 0.0
FutureStage, EarlyLeaveMedCommuteNode, P_PV_Output_rec, 3, 0.0
FutureStage, EarlyLeaveMedCommuteNode, P_PV_Output_rec, 4, 0.0
FutureStage, EarlyLeaveMedCommuteNode, P_PV_Output_rec, 5, 0.0
FutureStage, EarlyLeaveMedCommuteNode, P_PV_Output_rec, 6, 0.0
FutureStage, EarlyLeaveMedCommuteNode, P_PV_Output_rec, 7, 0.0
FutureStage, EarlyLeaveMedCommuteNode, P_PV_Output_rec, 8, 0.8918997297988386
FutureStage, EarlyLeaveMedCommuteNode, P_PV_Output_rec, 9, 2.0728148564205067
FutureStage, EarlyLeaveShortCommuteNode, P_ESS_Output_rec, 10, -1.0180162219995625
FutureStage, EarlyLeaveShortCommuteNode, P_ESS_Output_rec, 11, 0.4418401539454801
FutureStage, EarlyLeaveShortCommuteNode, P_ESS_Output_rec, 12, -1.0855373259568162
FutureStage, EarlyLeaveShortCommuteNode, P_ESS_Output_rec, 13, -1.2101657331252853
FutureStage, EarlyLeaveShortCommuteNode, P_ESS_Output_rec, 14, -1.097214941969007
FutureStage, EarlyLeaveShortCommuteNode, P_ESS_Output_rec, 15, 0.3729493866115535
FutureStage, EarlyLeaveShortCommuteNode, P_ESS_Output_rec, 16, -0.5438962460236256
FutureStage, EarlyLeaveShortCommuteNode, P_ESS_Output_rec, 17, -0.8907225705161831
FutureStage, EarlyLeaveShortCommuteNode, P_ESS_Output_rec, 18, -0.11433475586611842
FutureStage, EarlyLeaveShortCommuteNode, P_ESS_Output_rec, 19, 1.0365425253081801
FutureStage, EarlyLeaveShortCommuteNode, P_ESS_Output_rec, 2, 0.3407146467219444
FutureStage, EarlyLeaveShortCommuteNode, P_ESS_Output_rec, 20, 0.9901581663740114
FutureStage, EarlyLeaveShortCommuteNode, P_ESS_Output_rec, 21, 1.5409636297098583
FutureStage, EarlyLeaveShortCommuteNode, P_ESS_Output_rec, 22, 1.8001015887273215
FutureStage, EarlyLeaveShortCommuteNode, P_ESS_Output_rec, 23, 0.8221573852467158
FutureStage, EarlyLeaveShortCommuteNode, P_ESS_Output_rec, 3, 0.33426127155390123
FutureStage, EarlyLeaveShortCommuteNode, P_ESS_Output_rec, 4, 0.36307998912625666
FutureStage, EarlyLeaveShortCommuteNode, P_ESS_Output_rec, 5, 0.4130847861305063
FutureStage, EarlyLeaveShortCommuteNode, P_ESS_Output_rec, 6, 0.0906000083827196
FutureStage, EarlyLeaveShortCommuteNode, P_ESS_Output_rec, 7, 0.10935001558791929
FutureStage, EarlyLeaveShortCommuteNode, P_ESS_Output_rec, 8, -0.44435173043487736
FutureStage, EarlyLeaveShortCommuteNode, P_ESS_Output_rec, 9, -0.4801138076900223
FutureStage, EarlyLeaveShortCommuteNode, P_EV_ChargeAway_rec, 10, 1.3923425902037765e-08
FutureStage, EarlyLeaveShortCommuteNode, P_EV_ChargeAway_rec, 11, 1.3923425910106554e-08
FutureStage, EarlyLeaveShortCommuteNode, P_EV_ChargeAway_rec, 12, 1.3923425918173335e-08
FutureStage, EarlyLeaveShortCommuteNode, P_EV_ChargeAway_rec, 13, 1.3923425926238134e-08
FutureStage, EarlyLeaveShortCommuteNode, P_EV_ChargeAway_rec, 14, 0.0
FutureStage, EarlyLeaveShortCommuteNode, P_EV_ChargeAway_rec, 15, 0.0
FutureStage, EarlyLeaveShortCommuteNode, P_EV_ChargeAway_rec, 16, 0.0
FutureStage, EarlyLeaveShortCommuteNode, P_EV_ChargeAway_rec, 17, 0.0
FutureStage, EarlyLeaveShortCommuteNode, P_EV_ChargeAway_rec, 18, 0.0
FutureStage, EarlyLeaveShortCommuteNode, P_EV_ChargeAway_rec, 19, 0.0
FutureStage, EarlyLeaveShortCommuteNode, P_EV_ChargeAway_rec, 2, 0.0
FutureStage, EarlyLeaveShortCommuteNode, P_EV_ChargeAway_rec, 20, 0.0
FutureStage, EarlyLeaveShortCommuteNode, P_EV_ChargeAway_rec, 21, 0.0
FutureStage, EarlyLeaveShortCommuteNode, P_EV_ChargeAway_rec, 22, 0.0
FutureStage, EarlyLeaveShortCommuteNode, P_EV_ChargeAway_rec, 23, 0.0
FutureStage, EarlyLeaveShortCommuteNode, P_EV_ChargeAway_rec, 3, 0.0
FutureStage, EarlyLeaveShortCommuteNode, P_EV_ChargeAway_rec, 4, 0.0
FutureStage, EarlyLeaveShortCommuteNode, P_EV_ChargeAway_rec, 5, 0.0
FutureStage, EarlyLeaveShortCommuteNode, P_EV_ChargeAway_rec, 6, 0.0
FutureStage, EarlyLeaveShortCommuteNode, P_EV_ChargeAway_rec, 7, 1.3923425877819473e-08
FutureStage, EarlyLeaveShortCommuteNode, P_EV_ChargeAway_rec, 8, 1.3923425885894226e-08
FutureStage, EarlyLeaveShortCommuteNode, P_EV_ChargeAway_rec, 9, 1.3923425893966995e-08
FutureStage, EarlyLeaveShortCommuteNode, P_EV_ChargeHome_rec, 10, 0.0
FutureStage, EarlyLeaveShortCommuteNode, P_EV_ChargeHome_rec, 11, 0.0
FutureStage, EarlyLeaveShortCommuteNode, P_EV_ChargeHome_rec, 12, 0.0
FutureStage, EarlyLeaveShortCommuteNode, P_EV_ChargeHome_rec, 13, 0.0
FutureStage, EarlyLeaveShortCommuteNode, P_EV_ChargeHome_rec, 14, 0.0
FutureStage, EarlyLeaveShortCommuteNode, P_EV_ChargeHome_rec, 15, 2.1152207831904573
FutureStage, EarlyLeaveShortCommuteNode, P_EV_ChargeHome_rec, 16, 1.9439495203029655
FutureStage, EarlyLeaveShortCommuteNode, P_EV_ChargeHome_rec, 17, 1.6240752920613166
FutureStage, EarlyLeaveShortCommuteNode, P_EV_ChargeHome_rec, 18, 0.9187867252803233
FutureStage, EarlyLeaveShortCommuteNode, P_EV_ChargeHome_rec, 19, 0.5617925133344441
FutureStage, EarlyLeaveShortCommuteNode, P_EV_ChargeHome_rec, 2, 0.2501146366772503
FutureStage, EarlyLeaveShortCommuteNode, P_EV_ChargeHome_rec, 20, 0.5076081554308413
FutureStage, EarlyLeaveShortCommuteNode, P_EV_ChargeHome_rec, 21, 0.4890969523818932
FutureStage, EarlyLeaveShortCommuteNode, P_EV_ChargeHome_rec, 22, 0.5037849118511077
FutureStage, EarlyLeaveShortCommuteNode, P_EV_ChargeHome_rec, 23, 0.6214240428321679
FutureStage, EarlyLeaveShortCommuteNode, P_EV_ChargeHome_rec, 3, 0.2641945924270345
FutureStage, EarlyLeaveShortCommuteNode, P_EV_ChargeHome_rec, 4, 0.285546643559887
FutureStage, EarlyLeaveShortCommuteNode, P_EV_ChargeHome_rec, 5, 0.32248477283939203
FutureStage, EarlyLeaveShortCommuteNode, P_EV_ChargeHome_rec, 6, 0.0
FutureStage, EarlyLeaveShortCommuteNode, P_EV_ChargeHome_rec, 7, 0.0
FutureStage, EarlyLeaveShortCommuteNode, P_EV_ChargeHome_rec, 8, 0.0
FutureStage, EarlyLeaveShortCommuteNode, P_EV_ChargeHome_rec, 9, 0.0
FutureStage, EarlyLeaveShortCommuteNode, P_Grid_Output_rec, 10, -1.3249453703542168e-07
FutureStage, EarlyLeaveShortCommuteNode, P_Grid_Output_rec, 11, -9.663858536145354e-08
FutureStage, EarlyLeaveShortCommuteNode, P_Grid_Output_rec, 12, -4.5325867916136845e-08
FutureStage, EarlyLeaveShortCommuteNode, P_Grid_Output_rec, 13, -3.711834904381881e-08
FutureStage, EarlyLeaveShortCommuteNode, P_Grid_Output_rec, 14, -4.129872595896987e-08
FutureStage, EarlyLeaveShortCommuteNode, P_Grid_Output_rec, 15, -7.492902506084514e-08
FutureStage, EarlyLeaveShortCommuteNode, P_Grid_Output_rec, 16, -1.3661177570523729e-07
FutureStage, EarlyLeaveShortCommuteNode, P_Grid_Output_rec, 17, -9.068001507341524e-07
FutureStage, EarlyLeaveShortCommuteNode, P_Grid_Output_rec, 18, -6.1061906548213154e-09
FutureStage, EarlyLeaveShortCommuteNode, P_Grid_Output_rec, 19, -1.973790599981559e-09
FutureStage, EarlyLeaveShortCommuteNode, P_Grid_Output_rec, 2, -4.474849789640755e-11
FutureStage, EarlyLeaveShortCommuteNode, P_Grid_Output_rec, 20, -9.432248914415227e-10
FutureStage, EarlyLeaveShortCommuteNode, P_Grid_Output_rec, 21, -3.2801920389589643e-10
FutureStage, EarlyLeaveShortCommuteNode, P_Grid_Output_rec, 22, 1.237314983089806e-10
FutureStage, EarlyLeaveShortCommuteNode, P_Grid_Output_rec, 23, 5.853974983885633e-10
FutureStage, EarlyLeaveShortCommuteNode, P_Grid_Output_rec, 3, -2.126921147570637e-09
FutureStage, EarlyLeaveShortCommuteNode, P_Grid_Output_rec, 4, -2.5664242205492943e-09
FutureStage, EarlyLeaveShortCommuteNode, P_Grid_Output_rec, 5, -3.2911688681664442e-09
FutureStage, EarlyLeaveShortCommuteNode, P_Grid_Output_rec, 6, -8.382718880872555e-09
FutureStage, EarlyLeaveShortCommuteNode, P_Grid_Output_rec, 7, -1.5587918818456902e-08
FutureStage, EarlyLeaveShortCommuteNode, P_Grid_Output_rec, 8, -1.9200821432054866e-06
FutureStage, EarlyLeaveShortCommuteNode, P_Grid_Output_rec, 9, -6.454643014812936e-07
FutureStage, EarlyLeaveShortCommuteNode, P_PV_Output_rec, 10, 2.0061996774941546
FutureStage, EarlyLeaveShortCommuteNode, P_PV_Output_rec, 11, 1.9994599326931608
FutureStage, EarlyLeaveShortCommuteNode, P_PV_Output_rec, 12, 1.5071373612827392
FutureStage, EarlyLeaveShortCommuteNode, P_PV_Output_rec, 13, 1.4274157602436894
FutureStage, EarlyLeaveShortCommuteNode, P_PV_Output_rec, 14, 1.550814973267788
FutureStage, EarlyLeaveShortCommuteNode, P_PV_Output_rec, 15, 2.2321714715079293
FutureStage, EarlyLeaveShortCommuteNode, P_PV_Output_rec, 16, 2.580312569938367
FutureStage, EarlyLeaveShortCommuteNode, P_PV_Output_rec, 17, 2.6035321023776503
FutureStage, EarlyLeaveShortCommuteNode, P_PV_Output_rec, 18, 1.1237214872526324
FutureStage, EarlyLeaveShortCommuteNode, P_PV_Output_rec, 19, 0.0
FutureStage, EarlyLeaveShortCommuteNode, P_PV_Output_rec, 2, 0.0
FutureStage, EarlyLeaveShortCommuteNode, P_PV_Output_rec, 20, 0.0
FutureStage, EarlyLeaveShortCommuteNode, P_PV_Output_rec, 21, 0.0
FutureStage, EarlyLeaveShortCommuteNode, P_PV_Output_rec, 22, 0.0
FutureStage, EarlyLeaveShortCommuteNode, P_PV_Output_rec, 23, 0.0
FutureStage, EarlyLeaveShortCommuteNode, P_PV_Output_rec, 3, 0.0
FutureStage, EarlyLeaveShortCommuteNode, P_PV_Output_rec, 4, 0.0
FutureStage, EarlyLeaveShortCommuteNode, P_PV_Output_rec, 5, 0.0
FutureStage, EarlyLeaveShortCommuteNode, P_PV_Output_rec, 6, 0.0
FutureStage, EarlyLeaveShortCommuteNode, P_PV_Output_rec, 7, 0.0
FutureStage, EarlyLeaveShortCommuteNode, P_PV_Output_rec, 8, 0.8257036405170759
FutureStage, EarlyLeaveShortCommuteNode, P_PV_Output_rec, 9, 1.9538311101543788
