InitialStage, RootNode, P_ESS_Output_ini, 5, 0.5597221817711575
InitialStage, RootNode, P_EV_ChargeAway_ini, 5, 0.3350134065802558
InitialStage, RootNode, P_EV_ChargeHome_ini, 5, 2.143655221308462
InitialStage, RootNode, P_Grid_Output_ini, 5, 1.6745330395373041
InitialStage, RootNode, P_PV_Output_ini, 5, 8.035608660501214e-41
FutureStage, Node1, P_ESS_Output_rec, 10, -1.0322620525127262
FutureStage, Node1, P_ESS_Output_rec, 11, 0.529108035855212
FutureStage, Node1, P_ESS_Output_rec, 12, -0.9176580794289606
FutureStage, Node1, P_ESS_Output_rec, 13, -0.9877475280485825
FutureStage, Node1, P_ESS_Output_rec, 14, -0.7523652372590348
FutureStage, Node1, P_ESS_Output_rec, 15, -0.7893956766205863
FutureStage, Node1, P_ESS_Output_rec, 16, -1.365830421773969
FutureStage, Node1, P_ESS_Output_rec, 17, -0.22460704786784594
FutureStage, Node1, P_ESS_Output_rec, 18, 0.11490935490863535
FutureStage, Node1, P_ESS_Output_rec, 19, 1.1034000093126082
FutureStage, Node1, P_ESS_Output_rec, 20, 1.0173020241863229
FutureStage, Node1, P_ESS_Output_rec, 21, 1.5439063582431565
FutureStage, Node1, P_ESS_Output_rec, 22, 1.7827481395468843
FutureStage, Node1, P_ESS_Output_rec, 23, 0.7785547803057367
FutureStage, Node1, P_ESS_Output_rec, 6, 1.6986176636582992
FutureStage, Node1, P_ESS_Output_rec, 7, -3.802409786330617e-09
FutureStage, Node1, P_ESS_Output_rec, 8, -0.5118171721677944
FutureStage, Node1, P_ESS_Output_rec, 9, -0.6109703757521472
FutureStage, Node1, P_EV_ChargeAway_rec, 10, 0.7699055305460542
FutureStage, Node1, P_EV_ChargeAway_rec, 11, 0.76990553054193
FutureStage, Node1, P_EV_ChargeAway_rec, 12, 0.7699055305386
FutureStage, Node1, P_EV_ChargeAway_rec, 13, 0.7699055305360021
FutureStage, Node1, P_EV_ChargeAway_rec, 14, 0.7699055305340902
FutureStage, Node1, P_EV_ChargeAway_rec, 15, 0.7699055305328327
FutureStage, Node1, P_EV_ChargeAway_rec, 16, 0.7699055305322089
FutureStage, Node1, P_EV_ChargeAway_rec, 17, 1.581702910157878e-05
FutureStage, Node1, P_EV_ChargeAway_rec, 18, 1.5815197127237704e-05
FutureStage, Node1, P_EV_ChargeAway_rec, 19, 1.5815430897723017e-05
FutureStage, Node1, P_EV_ChargeAway_rec, 20, 1.5815653667427217e-05
FutureStage, Node1, P_EV_ChargeAway_rec, 21, 1.5815802463629566e-05
FutureStage, Node1, P_EV_ChargeAway_rec, 22, 1.5815881505356594e-05
FutureStage, Node1, P_EV_ChargeAway_rec, 23, 1.5815911688361473e-05
FutureStage, Node1, P_EV_ChargeAway_rec, 6, 0.7699055305564282
FutureStage, Node1, P_EV_ChargeAway_rec, 7, 0.7699055305641596
FutureStage, Node1, P_EV_ChargeAway_rec, 8, 0.7699055305570413
FutureStage, Node1, P_EV_ChargeAway_rec, 9, 0.7699055305510546
FutureStage, Node1, P_EV_ChargeHome_rec, 10, 0.0
FutureStage, Node1, P_EV_ChargeHome_rec, 11, 0.0
FutureStage, Node1, P_EV_ChargeHome_rec, 12, 0.0
FutureStage, Node1, P_EV_ChargeHome_rec, 13, 0.0
FutureStage, Node1, P_EV_ChargeHome_rec, 14, 0.0
FutureStage, Node1, P_EV_ChargeHome_rec, 15, 0.0
FutureStage, Node1, P_EV_ChargeHome_rec, 16, 0.0
FutureStage, Node1, P_EV_ChargeHome_rec, 17, 2.431631457215752
FutureStage, Node1, P_EV_ChargeHome_rec, 18, 1.2012351216881392
FutureStage, Node1, P_EV_ChargeHome_rec, 19, 0.6286500008794071
FutureStage, Node1, P_EV_ChargeHome_rec, 20, 0.5347520159266048
FutureStage, Node1, P_EV_ChargeHome_rec, 21, 0.49203968305797735
FutureStage, Node1, P_EV_ChargeHome_rec, 22, 0.48643146431592665
FutureStage, Node1, P_EV_ChargeHome_rec, 23, 0.5778214387112101
FutureStage, Node1, P_EV_ChargeHome_rec, 6, 3.0000000298150407
FutureStage, Node1, P_EV_ChargeHome_rec, 7, 0.0
FutureStage, Node1, P_EV_ChargeHome_rec, 8, 0.0
FutureStage, Node1, P_EV_ChargeHome_rec, 9, 0.0
FutureStage, Node1, P_Grid_Output_rec, 10, -1.8539901443271629e-10
FutureStage, Node1, P_Grid_Output_rec, 11, -2.7087428331326776e-10
FutureStage, Node1, P_Grid_Output_rec, 12, -5.015046710828307e-10
FutureStage, Node1, P_Grid_Output_rec, 13, -5.842519556732148e-10
FutureStage, Node1, P_Grid_Output_rec, 14, -5.835442396263558e-10
FutureStage, Node1, P_Grid_Output_rec, 15, -5.346484742966135e-10
FutureStage, Node1, P_Grid_Output_rec, 16, -4.2450346561675244e-10
FutureStage, Node1, P_Grid_Output_rec, 17, 1.2892629911961417e-10
FutureStage, Node1, P_Grid_Output_rec, 18, 9.155728507738245e-10
FutureStage, Node1, P_Grid_Output_rec, 19, 1.5666863641661303e-09
FutureStage, Node1, P_Grid_Output_rec, 20, 1.740169492297937e-09
FutureStage, Node1, P_Grid_Output_rec, 21, 1.8147086107325624e-09
FutureStage, Node1, P_Grid_Output_rec, 22, 1.7689296688536499e-09
FutureStage, Node1, P_Grid_Output_rec, 23, 1.4053607399888312e-09
FutureStage, Node1, P_Grid_Output_rec, 6, 1.3919823761566286
FutureStage, Node1, P_Grid_Output_rec, 7, 0.10935000380240986
FutureStage, Node1, P_Grid_Output_rec, 8, 9.768711319583177e-10
FutureStage, Node1, P_Grid_Output_rec, 9, 1.5448010737168074e-10
FutureStage, Node1, P_PV_Output_rec, 10, 2.020445375698238
FutureStage, Node1, P_PV_Output_rec, 11, 1.9121919544157748
FutureStage, Node1, P_PV_Output_rec, 12, 1.3392580699305778
FutureStage, Node1, P_PV_Output_rec, 13, 1.204997518632947
FutureStage, Node1, P_PV_Output_rec, 14, 1.2059652278426916
FutureStage, Node1, P_PV_Output_rec, 15, 1.2792956671553477
FutureStage, Node1, P_PV_Output_rec, 16, 1.458297079198585
FutureStage, Node1, P_PV_Output_rec, 17, 2.7449718379546715
FutureStage, Node1, P_PV_Output_rec, 18, 1.176925765863931
FutureStage, Node1, P_PV_Output_rec, 19, 0.0
FutureStage, Node1, P_PV_Output_rec, 20, 0.0
FutureStage, Node1, P_PV_Output_rec, 21, 0.0
FutureStage, Node1, P_PV_Output_rec, 22, 0.0
FutureStage, Node1, P_PV_Output_rec, 23, 0.0
FutureStage, Node1, P_PV_Output_rec, 6, 0.0
FutureStage, Node1, P_PV_Output_rec, 7, 0.0
FutureStage, Node1, P_PV_Output_rec, 8, 0.893167161191036
FutureStage, Node1, P_PV_Output_rec, 9, 2.0846870325977798
FutureStage, Node2, P_ESS_Output_rec, 10, -0.9905924158883995
FutureStage, Node2, P_ESS_Output_rec, 11, 0.592055266958627
FutureStage, Node2, P_ESS_Output_rec, 12, -0.8438348231483196
FutureStage, Node2, P_ESS_Output_rec, 13, -0.9022932485216699
FutureStage, Node2, P_ESS_Output_rec, 14, -0.64163841008802
FutureStage, Node2, P_ESS_Output_rec, 15, -0.6278976726929043
FutureStage, Node2, P_ESS_Output_rec, 16, -1.0836845353618125
FutureStage, Node2, P_ESS_Output_rec, 17, -1.3040937905158312
FutureStage, Node2, P_ESS_Output_rec, 18, 0.4098929263483268
FutureStage, Node2, P_ESS_Output_rec, 19, 1.1507908138820198
FutureStage, Node2, P_ESS_Output_rec, 20, 1.0238174508888642
FutureStage, Node2, P_ESS_Output_rec, 21, 1.5331218777935283
FutureStage, Node2, P_ESS_Output_rec, 22, 1.760613478408348
FutureStage, Node2, P_ESS_Output_rec, 23, 0.7421623390700498
FutureStage, Node2, P_ESS_Output_rec, 6, 0.8399338316767467
FutureStage, Node2, P_ESS_Output_rec, 7, 0.8586838321339783
FutureStage, Node2, P_ESS_Output_rec, 8, -0.5110249857050377
FutureStage, Node2, P_ESS_Output_rec, 9, -0.5996449950207632
FutureStage, Node2, P_EV_ChargeAway_rec, 10, 0.45574673652882935
FutureStage, Node2, P_EV_ChargeAway_rec, 11, 0.45574673652612935
FutureStage, Node2, P_EV_ChargeAway_rec, 12, 0.45574673652384373
FutureStage, Node2, P_EV_ChargeAway_rec, 13, 0.4557467365219588
FutureStage, Node2, P_EV_ChargeAway_rec, 14, 0.4557467365204636
FutureStage, Node2, P_EV_ChargeAway_rec, 15, 0.4557467365193495
FutureStage, Node2, P_EV_ChargeAway_rec, 16, 0.45574673651861014
FutureStage, Node2, P_EV_ChargeAway_rec, 17, 0.45574673651824155
FutureStage, Node2, P_EV_ChargeAway_rec, 18, 1.4460040025892942e-05
FutureStage, Node2, P_EV_ChargeAway_rec, 19, 1.4461891658938107e-05
FutureStage, Node2, P_EV_ChargeAway_rec, 20, 1.4462600698436132e-05
FutureStage, Node2, P_EV_ChargeAway_rec, 21, 1.446291016866038e-05
FutureStage, Node2, P_EV_ChargeAway_rec, 22, 1.4463027745116519e-05
FutureStage, Node2, P_EV_ChargeAway_rec, 23, 1.446304189753357e-05
FutureStage, Node2, P_EV_ChargeAway_rec, 6, 0.45574673651195874
FutureStage, Node2, P_EV_ChargeAway_rec, 7, 0.4557467365191688
FutureStage, Node2, P_EV_ChargeAway_rec, 8, 0.45574673653554304
FutureStage, Node2, P_EV_ChargeAway_rec, 9, 0.4557467365319607
FutureStage, Node2, P_EV_ChargeHome_rec, 10, 0.0
FutureStage, Node2, P_EV_ChargeHome_rec, 11, 0.0
FutureStage, Node2, P_EV_ChargeHome_rec, 12, 0.0
FutureStage, Node2, P_EV_ChargeHome_rec, 13, 0.0
FutureStage, Node2, P_EV_ChargeHome_rec, 14, 0.0
FutureStage, Node2, P_EV_ChargeHome_rec, 15, 0.0
FutureStage, Node2, P_EV_ChargeHome_rec, 16, 0.0
FutureStage, Node2, P_EV_ChargeHome_rec, 17, 0.0
FutureStage, Node2, P_EV_ChargeHome_rec, 18, 1.532830240796992
FutureStage, Node2, P_EV_ChargeHome_rec, 19, 0.6760408056544018
FutureStage, Node2, P_EV_ChargeHome_rec, 20, 0.5412674428192019
FutureStage, Node2, P_EV_ChargeHome_rec, 21, 0.4812552027898994
FutureStage, Node2, P_EV_ChargeHome_rec, 22, 0.4642968033514586
FutureStage, Node2, P_EV_ChargeHome_rec, 23, 0.5414289976218792
FutureStage, Node2, P_EV_ChargeHome_rec, 6, 3.000000013805218
FutureStage, Node2, P_EV_ChargeHome_rec, 7, 3.000000013805217
FutureStage, Node2, P_EV_ChargeHome_rec, 8, 0.0
FutureStage, Node2, P_EV_ChargeHome_rec, 9, 0.0
FutureStage, Node2, P_Grid_Output_rec, 10, -1.9754456393391245e-10
FutureStage, Node2, P_Grid_Output_rec, 11, -2.8893680870848e-10
FutureStage, Node2, P_Grid_Output_rec, 12, -5.425583308878012e-10
FutureStage, Node2, P_Grid_Output_rec, 13, -6.433245490520081e-10
FutureStage, Node2, P_Grid_Output_rec, 14, -6.616783497067431e-10
FutureStage, Node2, P_Grid_Output_rec, 15, -6.403899775069463e-10
FutureStage, Node2, P_Grid_Output_rec, 16, -5.816199646732819e-10
FutureStage, Node2, P_Grid_Output_rec, 17, -3.8248229194854597e-10
FutureStage, Node2, P_Grid_Output_rec, 18, 1.1729571947675549e-09
FutureStage, Node2, P_Grid_Output_rec, 19, 1.7722322051114808e-09
FutureStage, Node2, P_Grid_Output_rec, 20, 1.93018786400496e-09
FutureStage, Node2, P_Grid_Output_rec, 21, 1.9962213323289885e-09
FutureStage, Node2, P_Grid_Output_rec, 22, 1.942960497105529e-09
FutureStage, Node2, P_Grid_Output_rec, 23, 1.55167959333188e-09
FutureStage, Node2, P_Grid_Output_rec, 6, 2.250666192128321
FutureStage, Node2, P_Grid_Output_rec, 7, 2.2506661916710886
FutureStage, Node2, P_Grid_Output_rec, 8, 9.696967997236562e-10
FutureStage, Node2, P_Grid_Output_rec, 9, 1.461612965753472e-10
FutureStage, Node2, P_PV_Output_rec, 10, 1.978775739086094
FutureStage, Node2, P_PV_Output_rec, 11, 1.8492447233304599
FutureStage, Node2, P_PV_Output_rec, 12, 1.2654348136910278
FutureStage, Node2, P_PV_Output_rec, 13, 1.1195432391651443
FutureStage, Node2, P_PV_Output_rec, 14, 1.0952384007498484
FutureStage, Node2, P_PV_Output_rec, 15, 1.117797663333444
FutureStage, Node2, P_PV_Output_rec, 16, 1.1761511929435824
FutureStage, Node2, P_PV_Output_rec, 17, 1.3928271138984634
FutureStage, Node2, P_PV_Output_rec, 18, 1.213537313275708
FutureStage, Node2, P_PV_Output_rec, 19, 0.0
FutureStage, Node2, P_PV_Output_rec, 20, 0.0
FutureStage, Node2, P_PV_Output_rec, 21, 0.0
FutureStage, Node2, P_PV_Output_rec, 22, 0.0
FutureStage, Node2, P_PV_Output_rec, 23, 0.0
FutureStage, Node2, P_PV_Output_rec, 6, 0.0
FutureStage, Node2, P_PV_Output_rec, 7, 0.0
FutureStage, Node2, P_PV_Output_rec, 8, 0.8923749747354909
FutureStage, Node2, P_PV_Output_rec, 9, 2.0733616518747513
FutureStage, Node3, P_ESS_Output_rec, 10, -1.1093046883124398
FutureStage, Node3, P_ESS_Output_rec, 11, 0.5483450126679312
FutureStage, Node3, P_ESS_Output_rec, 12, -0.8155996455202998
FutureStage, Node3, P_ESS_Output_rec, 13, -0.8583332777931623
FutureStage, Node3, P_ESS_Output_rec, 14, -0.5820173311013893
FutureStage, Node3, P_ESS_Output_rec, 15, -0.5445397181918106
FutureStage, Node3, P_ESS_Output_rec, 16, -0.959855474547577
FutureStage, Node3, P_ESS_Output_rec, 17, -1.0481536036700714
FutureStage, Node3, P_ESS_Output_rec, 18, -0.7859414802749545
FutureStage, Node3, P_ESS_Output_rec, 19, 1.4926549254759278
FutureStage, Node3, P_ESS_Output_rec, 20, 1.1088573899153344
FutureStage, Node3, P_ESS_Output_rec, 21, 1.5655470003869334
FutureStage, Node3, P_ESS_Output_rec, 22, 1.7728508976940567
FutureStage, Node3, P_ESS_Output_rec, 23, 0.7432841914217705
FutureStage, Node3, P_ESS_Output_rec, 6, 0.4936763960098275
FutureStage, Node3, P_ESS_Output_rec, 7, 0.840513647224988
FutureStage, Node3, P_ESS_Output_rec, 8, 0.3644276200167871
FutureStage, Node3, P_ESS_Output_rec, 9, -0.8140022377879176
FutureStage, Node3, P_EV_ChargeAway_rec, 10, 0.32925564684768255
FutureStage, Node3, P_EV_ChargeAway_rec, 11, 0.32925564684162867
FutureStage, Node3, P_EV_ChargeAway_rec, 12, 0.32925564683637065
FutureStage, Node3, P_EV_ChargeAway_rec, 13, 0.3292556468318925
FutureStage, Node3, P_EV_ChargeAway_rec, 14, 0.32925564682818076
FutureStage, Node3, P_EV_ChargeAway_rec, 15, 0.3292556468252244
FutureStage, Node3, P_EV_ChargeAway_rec, 16, 0.3292556468230145
FutureStage, Node3, P_EV_ChargeAway_rec, 17, 0.3292556468215449
FutureStage, Node3, P_EV_ChargeAway_rec, 18, 0.32925564682081115
FutureStage, Node3, P_EV_ChargeAway_rec, 19, 2.346732287552736e-05
FutureStage, Node3, P_EV_ChargeAway_rec, 20, 2.3472670294288564e-05
FutureStage, Node3, P_EV_ChargeAway_rec, 21, 2.3471360485333857e-05
FutureStage, Node3, P_EV_ChargeAway_rec, 22, 2.3470178823454343e-05
FutureStage, Node3, P_EV_ChargeAway_rec, 23, 2.3469202786658063e-05
FutureStage, Node3, P_EV_ChargeAway_rec, 6, 0.32925564674359964
FutureStage, Node3, P_EV_ChargeAway_rec, 7, 0.32925564675918184
FutureStage, Node3, P_EV_ChargeAway_rec, 8, 0.32925564678782593
FutureStage, Node3, P_EV_ChargeAway_rec, 9, 0.3292556468545513
FutureStage, Node3, P_EV_ChargeHome_rec, 10, 0.0
FutureStage, Node3, P_EV_ChargeHome_rec, 11, 0.0
FutureStage, Node3, P_EV_ChargeHome_rec, 12, 0.0
FutureStage, Node3, P_EV_ChargeHome_rec, 13, 0.0
FutureStage, Node3, P_EV_ChargeHome_rec, 14, 0.0
FutureStage, Node3, P_EV_ChargeHome_rec, 15, 0.0
FutureStage, Node3, P_EV_ChargeHome_rec, 16, 0.0
FutureStage, Node3, P_EV_ChargeHome_rec, 17, 0.0
FutureStage, Node3, P_EV_ChargeHome_rec, 18, 0.0
FutureStage, Node3, P_EV_ChargeHome_rec, 19, 1.0179049204170283
FutureStage, Node3, P_EV_ChargeHome_rec, 20, 0.6263073853281096
FutureStage, Node3, P_EV_ChargeHome_rec, 21, 0.5136803289871991
FutureStage, Node3, P_EV_ChargeHome_rec, 22, 0.47653422614772833
FutureStage, Node3, P_EV_ChargeHome_rec, 23, 0.5425508527900581
FutureStage, Node3, P_EV_ChargeHome_rec, 6, 2.0493546156471547
FutureStage, Node3, P_EV_ChargeHome_rec, 7, 2.377441866053409
FutureStage, Node3, P_EV_ChargeHome_rec, 8, 2.7618409761238154
FutureStage, Node3, P_EV_ChargeHome_rec, 9, 0.0
FutureStage, Node3, P_Grid_Output_rec, 10, -4.5133557579024684e-10
FutureStage, Node3, P_Grid_Output_rec, 11, -7.615784348193858e-10
FutureStage, Node3, P_Grid_Output_rec, 12, -1.5422607093668766e-09
FutureStage, Node3, P_Grid_Output_rec, 13, -1.8668724446421276e-09
FutureStage, Node3, P_Grid_Output_rec, 14, -1.958419816219131e-09
FutureStage, Node3, P_Grid_Output_rec, 15, -1.950095465091712e-09
FutureStage, Node3, P_Grid_Output_rec, 16, -1.862427460603837e-09
FutureStage, Node3, P_Grid_Output_rec, 17, -1.5053866858660032e-09
FutureStage, Node3, P_Grid_Output_rec, 18, -4.5837703829451505e-10
FutureStage, Node3, P_Grid_Output_rec, 19, 4.940731549919799e-09
FutureStage, Node3, P_Grid_Output_rec, 20, 5.412406222516839e-09
FutureStage, Node3, P_Grid_Output_rec, 21, 5.599896762819268e-09
FutureStage, Node3, P_Grid_Output_rec, 22, 5.45330273695745e-09
FutureStage, Node3, P_Grid_Output_rec, 23, 4.3679188404993025e-09
FutureStage, Node3, P_Grid_Output_rec, 6, 1.6462782296369587
FutureStage, Node3, P_Grid_Output_rec, 7, 1.6462782288280524
FutureStage, Node3, P_Grid_Output_rec, 8, 1.6462782255432584
FutureStage, Node3, P_Grid_Output_rec, 9, 9.110596198042162e-10
FutureStage, Node3, P_PV_Output_rec, 10, 2.097488011764144
FutureStage, Node3, P_PV_Output_rec, 11, 1.892954978094016
FutureStage, Node3, P_PV_Output_rec, 12, 1.2371996370629292
FutureStage, Node3, P_PV_Output_rec, 13, 1.0755832696604033
FutureStage, Node3, P_PV_Output_rec, 14, 1.035617323060178
FutureStage, Node3, P_PV_Output_rec, 15, 1.0344397101422749
FutureStage, Node3, P_PV_Output_rec, 16, 1.0523221334103732
FutureStage, Node3, P_PV_Output_rec, 17, 1.136886928175827
FutureStage, Node3, P_PV_Output_rec, 18, 0.8765414707337001
FutureStage, Node3, P_PV_Output_rec, 19, 0.0
FutureStage, Node3, P_PV_Output_rec, 20, 0.0
FutureStage, Node3, P_PV_Output_rec, 21, 0.0
FutureStage, Node3, P_PV_Output_rec, 22, 0.0
FutureStage, Node3, P_PV_Output_rec, 23, 0.0
FutureStage, Node3, P_PV_Output_rec, 6, 0.0
FutureStage, Node3, P_PV_Output_rec, 7, 0.0
FutureStage, Node3, P_PV_Output_rec, 8, 1.13248513056377
FutureStage, Node3, P_PV_Output_rec, 9, 2.2877188938772264
